chat_id,correlation_id,status
3,d6e32e3c-11c4-4a86-bc0a-d20b1040eed3,
4,970572bf-0979-456c-87cf-c83dd1e18d96,
5,48a33a00-47fd-48b5-8d42-6df5b3e3c1ab,
6,0cf48f97-911c-4e2e-9528-05222f969096,
7,9e9d9cb4-4ec5-4244-b787-b8d241cb22e4,
8,5175ba15-3c0c-4b17-911c-951e0f4fff4d,
9,cef82326-626a-4e22-9400-def90c930b81,
10,c142a3e4-2dc8-41bc-b13a-42c04e3b53bc,
10,961700b0-87f1-4a9f-b558-4b67f9653975,
10,3dd2a2c5-ac0e-4a7d-9d34-a002b173a2a5,
10,df783509-abdc-4ed4-96d5-9af4e592bc83,
10,41115343-185c-410d-9fb3-8cd6f7237cda,
10,def393e9-8cf6-4e73-9371-cd6380164ee9,
10,0e66489a-d171-4bda-92a1-4b821b6b3729,
